<?xml version="1.0" encoding="UTF-8"?>

<Rutes>
    <Ruta>
        <nom>Travessa Cavalls</nom>
        <distancia>84km</distancia>
        <desnivell>4500m</desnivell>
        <refugis numR="8">
            <refugi>
                <nom>Refugi Lluís Estasen</nom>
            </refugi>
            <refugi>
                <nom>Refugi de Gresolet</nom>
            </refugi>
            <refugi>
                <nom>Refugi Sant Jordi</nom>
            </refugi>
            <refugi>
                <nom>Refugi de Rebost</nom>
            </refugi>
            <refugi>
                <nom>Refugi el Niu de l’Àliga</nom>
            </refugi>
            <refugi>
                <nom>Refugi del Serrat de les Esposes</nom>
            </refugi>
            <refugi>
                <nom>Refugi de Cortals de l’Ingla</nom>
            </refugi>
            <refugi>
                <nom>Refugi de Prat d’Aguiló</nom>
            </refugi>
        </refugis>
    </Ruta>
    <Ruta>
        <nom>Travessa Carros de Foc</nom>
        <distancia>70km</distancia>
        <desnivell>4600m</desnivell>
        <refugis numR="5">
            <refugi>
                <nom>Refugi de Saboredo</nom>
            </refugi>
            <refugi>
                <nom>Refugi de Restanca</nom>
            </refugi>
            <refugi>
                <nom>Refugi Ventosa i Calvell</nom>
            </refugi>
            <refugi>
                 <nom>Refugi Estany Llong</nom>
            </refugi>
            <refugi>
                <nom>Refugi Josep Maria Blanc</nom>
            </refugi>
        </refugis>
    </Ruta>
</Rutes>